{
  "column_lines": [
    62.22222222222222,
    172.22222222222223,
    281.1111111111111,
    392.22222222222223,
    502.22222222222223,
    611.1111111111111,
    722.2222222222222,
    830.0,
    941.1111111111111,
    1051.111111111111,
    1161.111111111111
  ],
  "row_lines": [
    27.77777777777778,
    165.55555555555554,
    278.88888888888886,
    392.22222222222223,
    504.44444444444446,
    618.8888888888889,
    754.4444444444445
  ],
  "page_width": 1190.52001953125,
  "page_height": 841.89599609375,
  "page_num": 2,
  "zoom_factor": 0.9
}